name;volume
Запросы;"""[!Частота]""/Yandex/Без региона"
"ноутбук магазин";30
"ноутбуки интернет магазин";32
"магазин ноутбуков";522
"магазин ноутбуков онлайн";29
"магазин ноутбуков спб";35
"магазин ноутбуков в москве";127
"магазин ноутбуков в спб";68
"интернет магазин ноутбук";17
"интернет магазин ноутбуков";415
"интернет магазины ноутбуков";41
"интернет магазин ноутбуков в москве";71
"интернет магазин ноутбуков в спб";24
"интернет магазин ноутбуков в москве недорого";28
"магазины ноутбуков";117
"магазины ноутбуков в спб";21
"лучшие магазины ноутбуков";21
"самый дешёвый магазин ноутбуков";23
"лучший магазин ноутбуков";43
"купить ноутбук интернет магазин";55
"купить ноутбук в интернет магазине";257
"купить ноутбук в интернет магазине недорого";27
"ноутбук купить интернет магазин";118
"купить нетбук";1221
"купить нетбук спб";14
"купить нетбук в спб";122
"купить нетбук недорого в спб";0
"нетбук dell";32
"нетбук hp";94
"нетбук купить в спб";366
"нетбук купить в спб недорого";105
"ноутбук asus отзывы";29
"ноутбук dell отзывы";36
"ноутбук hp отзывы";175
"ноутбук msi отзыв";0
"ноутбук yoga отзывы";0
"ноутбук асус отзывы";39
"ноутбук мси отзывы";10
"ноутбук acer extensa отзывы";2
"ноутбук asus laptop отзыв";0
"ноутбук asus laptop отзывы";11
"ноутбук asus pro отзывы";3
"ноутбук asus vivobook отзывы";37
"ноутбук dell inspiron отзывы";13
"ноутбук hp envy отзывы";9
"ноутбук hp omen отзыв";0
"ноутбук msi modern отзывы";5
"ноутбук леново ideapad отзывы";11
"ноутбук lenovo yoga slim отзывы";1
"отзыв ноутбук hp серебристый";0
"купить ноутбук недорого";808
"где покупать ноутбуки дешевле";779
"недорогой ноутбук";462
"заказать ноутбук через интернет";21
"ноутбук цена";1605
"купить ноутбук";25407
"где купить ноутбук";1024
"купить ноутбук рф";22
"купить ноутбук с доставкой по россии";21
"заказать ноутбук";265
"где лучше покупать ноутбук в спб";448
"выбор ноутбука по параметрам";154
"поиск ноутбука по характеристикам";71
"купить ноутбук по параметрам";97
"ноутбук подобрать по характеристикам";80
"выбрать ноутбук по параметрам";406
"подбор ноутбука по параметрам";500
"подобрать ноутбук по параметрам";534
"подбор ноутбука";219
"подбор ноутбука по параметрам онлайн";131
"подбор ноутбука онлайн";29
"купить ноутбук в спб";2798
"где купить ноутбук в спб";64
"купить ноутбук в спб новый";43
"ноутбук купить в спб";3770
"купить ноутбук в спб недорого";781
"ноутбук купить в спб недорого";400
"игровой ноутбук цена";566
"игровой ноутбук";19041
"игровой ноутбук купить";4005
"где купить игровой ноутбук";64
"купить игровой ноутбук";6083
"купить мощный ноутбук для игр";27
"купить бюджетный игровой ноутбук";36
"купить игровой ноутбук недорого";428
"недорогой игровой ноутбук";633
"игровой ноутбук купить в спб";344
"игровые ноутбуки купить в спб";108
"купить игровой ноутбук в спб";251
"ноутбук игровой купить в спб";94
"игровой ноутбук купить в спб недорого";38
"купить игровой ноутбук в спб недорого";26
"игровой ноутбук 15";4
"игровой ноутбук в рассрочку";202
"ноутбук трансформер";1962
"ноутбук трансформер цена";47
"ноутбук трансформер купить в москве";56
"ноутбук трансформер купить";640
"ноутбук трансформер 15.6";1
"ноутбук трансформер купить в спб";58
"ноутбук трансформер ssd";3
"ноутбук трансформер ips";0
"ноутбук трансформер 14";6
ультрабук;5569
"ультрабук купить";1224
"ультрабук цена";78
"ультрабук 15.6";5
"ультрабук 15";13
"ультрабук 16";2
"ультрабук 10";0
"ультрабук i5";16
"ультрабук i7";18
"ультрабук ips";7
"ультрабук купить в спб";135
"ультрабук 13";18
"тонкий ноутбук 13 дюймов";22
"ноутбук 13 дюймов";320
"ноутбук 13 дюймов купить";81
"легкий ноутбук 13 дюймов";33
"ноутбук 15 дюймов купить";35
"ноутбук 15 дюймов";246
"ноутбук диагональ 15 дюймов";8
"ноутбук 15 6 дюймов";34
"легкий ноутбук";208
"легкий ноутбук для работы";111
"недорогой легкий ноутбук";17
"купить легкий ноутбук";20
"ноутбук 17 дюймов цена";28
"ноутбук 17 дюймов";461
"ноутбук 17 дюймов купить";427
"игровой ноутбук 17 дюймов";87
"ультрабук 14";23
"ноутбук 14 дюймов";369
"ноутбук 14 дюймов купить";71
"ноутбук 14 купить";10
"ноутбук с зарядкой type c";54
"ноутбук с зарядкой usb type c";22
"ноутбуки с зарядкой type c";28
"ноутбук с сенсорным экраном";929
"ноутбуки с сенсорным экраном";604
"сенсорный ноутбук цена";44
"acer aspire 1 a114 отзывы";1
"acer aspire 1 a115 отзывы";0
"acer aspire 3 a314 отзывы";0
"acer aspire 3 a315 отзывы";11
"acer aspire 3 a317 отзывы";2
"acer aspire 5 a514 отзывы";2
"acer aspire 5 a515 отзывы";15
"acer aspire 7 a715 отзывы";3
"acer extensa 15 ex215 отзывы";6
"acer nitro 5 an515 отзывы";11
"acer nitro 5 an517 отзывы";3
"acer swift sf114 отзывы";0
"acer swift 3 sf314 отзывы";7
"acer swift 5 sf514 отзывы";0
"acer aspire отзывы";24
"acer aspire 1 отзывы";13
"acer aspire 3 отзывы";73
"acer aspire 5 отзывы";51
"acer aspire 7 отзывы";32
"acer extensa отзывы";11
"acer nitro отзывы";24
"acer nitro 5 отзывы";339
"acer spin отзывы";5
"acer swift отзывы";26
"acer swift 1 отзывы";52
"acer swift 3 отзывы";55
"acer swift 5 отзывы";29
"acer travelmate отзывы";28
"acer travelmate p2 отзывы";8
"acer predator отзывы";5
"acer aspire 1 a114";17
"acer aspire 1 a115";7
"acer aspire 3 a314";13
"acer aspire 3 a315";295
"acer aspire 3 a317";60
"acer aspire 5 a514";24
"acer aspire 5 a515";361
"acer aspire 5 a517";42
"acer aspire 7 a715";129
"acer enduro urban n3 eun314";1
"acer enduro n3 en314";0
"acer extensa 15 ex215";45
"acer nitro 5 an515";429
"acer nitro 5 an517";100
"acer nitro 7 an715";1
"acer spin 3 sp314";16
"acer spin 5 pro sp513";0
"acer spin 7 sp714";1
"acer porsche design book rs ap714";0
"acer swift sf114";7
"acer swift 3 sf313";18
"acer swift 3 sf314";104
"acer swift 3x sf314";8
"acer swift 5 sf514";43
"acer swift 7 sf714";6
"acer swift 7 pro sf714";0
"acer conceptd 3 cn314";0
"acer conceptd 3 cn315";3
"acer conceptd 3 ezel cc314";1
"acer conceptd 3 ezel cc315";0
"acer conceptd 3 ezel pro cc314";0
"acer conceptd 3 ezel pro cc315";0
"acer conceptd 3 pro cn314";0
"acer conceptd 3 pro cn315";0
"acer conceptd 5 cn515";0
"acer conceptd 5 pro cn515";5
"acer conceptd 5 pro cn517";0
"acer conceptd 7 cn715";0
"acer conceptd 7 ezel cc715";0
"acer conceptd 7 ezel pro cc715";0
"acer conceptd 7 pro cn715";0
"acer conceptd 9 cn917";0
"acer conceptd 9 pro cn917";1
"acer travelmate p2 tmp214";4
"acer travelmate p2 tmp215";7
"acer travelmate p2 tmp259";5
"acer travelmate p4 tmp414";1
"acer travelmate p6 tmp614";0
"acer travelmate x3 tmx314";1
"acer travelmate x5 tmx514";0
"acer predator helios 300 ph315";3
"acer predator helios 300 ph317";7
"acer predator helios 700 ph717";2
"acer predator triton 300 pt315";3
"acer predator triton 500 pt515";0
"купить ноутбук acer";402
"купить ноутбук acer aspire";79
"купить ноутбук acer nitro";22
"ноутбуки acer купить в спб";13
"ноутбук асер аспире";214
"ноутбуки асер";538
"асер ноутбуки";505
"купить ноутбук асер нитро";24
"ноутбук асер купить";326
"ноутбук асер купить в спб";29
"ноутбук асер aspire";159
"ноутбук acer";1920
"ноутбук acer aspire";517
"ноутбук acer extensa";121
"ноутбук acer nitro";144
"ноутбук acer swift";144
"ноутбуки acer";597
"игровой ноутбук acer";266
"acer ноутбук";717
"acer aspire";4568
"acer extensa";410
"acer nitro";1380
"acer swift";1019
"acer enduro";79
"acer enduro urban n3";191
"acer enduro n7";66
"acer enduro n3";74
"acer conceptd";61
"acer conceptd 9 pro";131
"acer conceptd 7 pro";39
"acer conceptd 5 pro";57
"acer conceptd 3 pro";18
"acer conceptd 7 ezel pro";5
"acer conceptd 7 ezel";43
"acer conceptd 9";20
"acer conceptd 7";323
"acer conceptd 5";18
"acer conceptd 3 ezel pro";4
"acer conceptd 3 ezel";31
"acer conceptd 3";37
"acer nitro 7";329
"acer nitro 5";16875
"acer spin";132
"acer spin 7";85
"acer spin 5 pro";16
"acer spin 3";219
"acer swift 7 pro";12
"acer swift 7";616
"acer swift 5";949
"acer swift 3x";65
"acer swift 3 amd";23
"acer swift 3";2808
"acer swift 1";1401
"acer porsche design";52
"acer travelmate";494
"acer travelmate x5";11
"acer travelmate x3";10
"acer travelmate p6";20
"acer travelmate p4";6
"acer travelmate p2";278
"acer aspire 7";2191
"acer aspire 5";4720
"acer aspire 3";2606
"acer aspire 1";203
"acer predator";1182
"acer predator triton 500";157
"acer predator triton 300";208
"acer predator helios 700";87
"acer predator helios 300";1049
"купить ноутбуки apple";9
"купить apple ноутбук в";0
"купить ноутбук apple macbook pro";6
"ноутбук apple macbook pro купить";0
"apple ноутбук купить";78
"ноутбуки эпл";345
"эпл ноутбуки цены";197
"ноутбук apple macbook air";323
"ноутбук apple macbook air core";0
"ноутбук apple macbook air серый космос";0
"ноутбуки apple недорого";0
"apple ноутбук";579
"apple ноутбук в спб";0
"asus vivobook s15 s533eq отзывы";14
"asus vivobook s15 s533ea отзывы";47
"asus tuf gaming f15 fx506li отзывы";6
"asus tuf gaming f15 fx506lh отзывы";13
"asus tuf gaming f15 fx506hc отзывы";3
"asus tuf gaming a17 fx706ih отзывы";7
"asus rog strix отзывы";15
"asus laptop 15 отзывы";6
"asus vivobook 14 отзывы";25
"asus vivobook 17 отзывы";17
"asus zenbook pro отзывы";6
"asus rog strix scar отзывы";0
"asus rog strix g15 отзывы";28
"asus rog zephyrus отзывы";11
"asus tuf gaming f15 отзывы";42
"asus tuf gaming f17 отзывы";14
"asus tuf gaming a17 отзывы";34
"asus expertbook p2 p2451fa";8
"asus expertbook p1 p1510cda";0
"asus expertbook b9 b9400cea";9
"asus expertbook b1 b1500cepe";0
"asus asuspro p3540fa";10
"asus asuspro p1440fa";6
"asus laptop x415jf";0
"asus laptop x415ja";8
"asus laptop d415da";0
"asus laptop e210ka";0
"asus laptop 15 x515jp";1
"asus laptop 15 x515jf";15
"asus laptop 15 x515ja";19
"asus laptop 15 x515ep";2
"asus laptop 15 x515ea";0
"asus laptop 15 x509fa";13
"asus vivobook 14 m413ia";4
"asus vivobook 17 x712fa";32
"asus vivobook s15 s533eq";82
"asus vivobook s15 s533ea";160
"asus vivobook s14 s435ea";96
"asus vivobook s13 s333ea";26
"asus zenbook s ux391";6
"asus zenbook s ux392";0
"asus zenbook s ux393";43
"asus zenbook flip s ux371ea";58
"asus zenbook 14 ux435eg";109
"asus zenbook 14 ux425ja";464
"asus zenbook 14 ux425ea";168
"asus zenbook 13 ux325ea";112
"asus zenbook 13 oled ux325ea";22
"asus zenbook pro duo 15 oled ux582lr";35
"asus zenbook pro ux450";0
"asus zenbook pro ux480";2
"asus zenbook pro ux481";0
"asus zenbook pro ux482";0
"asus zenbook pro ux535";10
"asus zenbook pro ux550";0
"asus zenbook pro ux580";2
"asus zenbook pro ux581";0
"asus zenbook pro ux582";1
"asus rog strix g512";11
"asus rog strix g513";217
"asus rog strix g531";32
"asus rog strix g532";0
"asus rog strix g533";0
"asus rog strix g703";3
"asus rog strix g712";4
"asus rog strix g713";29
"asus rog strix g731";12
"asus rog strix g732";6
"asus rog strix g733";11
"asus rog strix gl503";3
"asus rog strix gl504";6
"asus rog strix gl512";1
"asus rog strix gl531";6
"asus rog strix gl564";0
"asus rog strix gl703";10
"asus rog strix gl704";0
"asus rog strix gl731";8
"asus rog strix gl753";4
"asus rog strix gx701";0
"asus rog strix scar g533qr";0
"asus rog strix g15 g513qr";91
"asus rog strix g15 g513qe";41
"asus rog strix g15 g513qy";2
"asus rog flow gv301";0
"asus rog flow x13 gv301qh";30
"asus rog flow x13 gv301qe";28
"asus rog zephyrus ga401";11
"asus rog zephyrus ga502";11
"asus rog zephyrus ga503";0
"asus rog zephyrus gm501";0
"asus rog zephyrus gu502";1
"asus rog zephyrus gu603";3
"asus rog zephyrus gx501";23
"asus rog zephyrus gx502";1
"asus rog zephyrus gx531";1
"asus rog zephyrus gx550";3
"asus rog zephyrus gx551";0
"asus rog zephyrus gx701";7
"asus rog zephyrus gx703";4
"asus rog zephyrus m16 gu603he";15
"asus rog zephyrus g15 ga503qr";8
"asus rog zephyrus g14 ga401qm";28
"asus rog zephyrus g14 ga401qe";14
"asus rog zephyrus g14 ga401qec";0
"asus rog zephyrus duo gx551qs";0
"asus tuf gaming fa506";15
"asus tuf gaming fx504";202
"asus tuf gaming fx505";1488
"asus tuf gaming fx506";527
"asus tuf gaming fx516";17
"asus tuf gaming fx570";0
"asus tuf gaming fx705";369
"asus tuf gaming fx706";52
"asus tuf gaming f15 fx506li";122
"asus tuf gaming f15 fx506lh";150
"asus tuf gaming f15 fx506he";43
"asus tuf gaming f15 fx506hcb";0
"asus tuf gaming f15 fx506hc";115
"asus tuf gaming f15 fx516pe";3
"asus tuf gaming f17 fx706hc";11
"asus tuf gaming a17 fx706ih";210
"asus expertbook";3
"asus laptop";839
"asus proart";492
"asus vivobook";5801
"asus zenbook";4453
"asus proart studiobook";42
"asus vivobook flip";141
"asus vivobook pro";89
"asus vivobook s";331
"asus zenbook duo";925
"asus zenbook flip";394
"asus zenbook pro";140
"asus zenbook s";137
"asus rog";5876
"asus rog flow";108
"asus rog strix";2618
"asus rog zephyrus";987
"asus zenbook oled";27
"asus rog strix scar";96
"asus zenbook flip s";451
"asus chromebook";45
"asus chromebook flip";32
"asus expertbook p2";29
"asus expertbook p1";9
"asus expertbook b9";66
"asus expertbook b1";44
"asus asuspro";3
"asus laptop 15";197
"asus vivobook 14";717
"asus vivobook 17";675
"asus zenbook classic";12
"asus rog strix g15";1279
"asus rog flow x13";555
"asus rog zephyrus m16";500
"asus rog zephyrus g15";909
"asus rog zephyrus g14";939
"asus rog zephyrus duo";241
"asus tuf gaming f15";1673
"asus tuf gaming f17";555
"asus tuf gaming a17";1252
"asus tuf gaming";5723
"ноутбук asus";5504
"ноутбук asus laptop";269
"ноутбук asus pro";63
"ноутбук asus rog";659
"ноутбук asus tuf";108
"ноутбук asus vivobook";983
"ноутбук asus zenbook";486
"ноутбук asus характеристики";14
"ноутбук asus цена";396
"ноутбук asus expert book";29
"ноутбук asus rog strix";129
"ноутбук asus rog zephyrus";77
"ноутбук asus tuf dash";20
"ноутбук asus tuf gaming";496
"ноутбук asus vivobook pro";11
"ноутбук asus vivobook s";17
"ноутбук asus vivobook цена";17
"ноутбук asus zenbook duo";34
"ноутбук asus zenbook flip";24
"ноутбук asus zenbook pro";14
"ноутбук asus zenbook s";20
"ноутбук asus rog strix g";19
"ноутбук asus rog strix scar";18
"ноутбук asus zenbook pro duo";42
"asus ноутбук";2022
"asus ноутбуки";1428
"asus pro ноутбук";24
"asus rog ноутбук";535
"asus rog ноутбуки";187
"asus tuf ноутбуки";14
"asus vivobook ноутбук";11
"asus игровой ноутбук";577
"asus tuf gaming ноутбук";204
"ноутбуки asus";2174
"ноутбуки asus rog";206
"ноутбуки asus tuf";18
"ноутбуки asus vivobook";34
"ноутбуки asus цены";49
"ноутбуки asus tuf gaming";24
"ноутбуки asus все модели";161
"ноутбуки asus цены и характеристики";32
"игровой ноутбук asus tuf gaming";100
"обзор ноутбука asus";26
"характеристики ноутбука asus";23
"все ноутбуки asus";32
"ssd для ноутбука asus";74
"матрица для ноутбука asus";137
"dns ноутбуки asus";277
"видеокарта для ноутбука asus";152
"купить asus ноутбук";52
"купить ноутбук asus";931
"купить ноутбуки asus";14
"купить игровой ноутбук asus";170
"купить ноутбук asus rog";46
"купить ноутбук asus vivobook";76
"купить ноутбук asus zenbook";26
"купить ноутбук asus недорого";34
"купить игровой ноутбук asus rog";15
"купить ноутбук asus rog strix";33
"купить ноутбук asus tuf gaming";36
"купить ноутбук asus в москве";58
"купить ноутбук asus в спб";26
"ноутбук asus купить";1094
"ноутбук купить asus";83
"ноутбук asus rog купить";15
"ноутбук asus vivobook купить";41
"ноутбук asus zenbook купить";15
"ноутбук asus игровой купить";21
"ноутбук asus tuf gaming купить";22
"ноутбук asus купить в москве";148
"ноутбук asus купить в спб";53
"ноутбук asus купить в москве недорого";77
"asus купить ноутбук";89
"asus ноутбук купить";214
"asus ноутбуки купить";64
"asus rog ноутбук купить";36
"asus rog strix ноутбук купить";30
"ноутбуки купить asus";13
"ноутбуки asus купить в москве";21
"ноут asus";57
"ноутбук асус";3974
"ноутбук асус laptop";19
"ноутбук асус vivobook";81
"ноутбук асус зенбук";102
"ноутбук асус лаптоп";48
"ноутбук асус цена";374
"ноутбук асус все модели";304
"ноутбук асус все модели фото и цены";400
"ноутбуки асус";1237
"ноутбуки асус рог";15
"ноутбуки асус цены";52
"ноутбуки асус все модели";103
"ноутбуки асус цены и характеристики";64
"ноутбуки асус все модели цены и характеристики";337
"асус ноутбук";2444
"асус игровой ноутбук";548
"асус ноутбук игровой";755
"асус ноутбук распродажа";901
"асус ноутбук цена";536
"асус ноутбук распродажа или";69
"асус ноутбук цена характеристики";22
"асус ноутбуки все модели";12
"игровые ноутбуки асус";321
"характеристики ноутбука асус";27
"купить асус ноутбук";89
"купить ноутбук асус";707
"купить ноутбук асус вивобук";15
"купить ноутбук асус рог";19
"купить ноутбук асус в днс";25
"купить ноутбук асус в москве";92
"купить ноутбук асус в спб";41
"купить ноутбук в москве асус";27
"ноутбук асус купить";591
"ноутбук купить асус";66
"ноутбук асус рог купить";11
"ноутбук асус купить в москве";107
"ноутбук асус купить в спб";99
"ноутбук асус купить в москве недорого";27
"ноутбуки асус купить";83
"ноутбуки асус купить в спб";17
"асус купить ноутбук";41
"асус ноутбук купить";489
"асус ноутбуки купить";21
"асус ноутбук купить в спб";13
"асус ноутбук распродажа купить в спб";174
"dell inspiron 3501 отзывы";9
"dell inspiron 3583 отзывы";18
"dell vostro 3500 отзывы";24
"dell vostro 3400 отзывы";32
"dell vostro 5502 отзывы";27
"dell vostro отзывы";23
"dell alienware отзывы";2
"dell g3 отзывы";14
"dell g5 отзывы";17
"dell g7 отзывы";14
"dell inspiron отзывы";7
"dell latitude отзывы";4
"dell precision отзывы";7
"dell xps отзывы";7
"dell alienware m15 r5";6
"dell g15 5510";114
"dell g3 15 3500";310
"dell g3 15 3590";382
"dell g5 15 5500";98
"dell g5 15 5515";0
"dell g5 15 5590";163
"dell g5 5505";52
"dell g7 17 7700";143
"dell g7 17 7790";52
"dell inspiron 3501";168
"dell inspiron 3505";14
"dell inspiron 3583";135
"dell inspiron 3593";87
"dell inspiron 3793";263
"dell inspiron 5490";34
"dell inspiron 5570";168
"dell inspiron 7400";64
"dell latitude 3301";42
"dell latitude 3400";66
"dell latitude 3410";257
"dell latitude 3510";130
"dell latitude 3520";25
"dell latitude 5300";69
"dell latitude 5310";53
"dell latitude 5320";67
"dell latitude 5400";105
"dell latitude 5410";117
"dell latitude 5411";71
"dell latitude 5420";185
"dell latitude 5500";28
"dell latitude 5510";95
"dell latitude 5511";133
"dell latitude 5520";100
"dell latitude 7320";49
"dell latitude 7400";69
"dell latitude 7410";99
"dell latitude 7420";99
"dell latitude 9510";58
"dell precision 5550";92
"dell precision 5750";113
"dell precision 7750";70
"dell vostro 3500";404
"dell vostro 3400";332
"dell vostro 3401";64
"dell vostro 3501";97
"dell vostro 3590";49
"dell vostro 3591";41
"dell vostro 5301";78
"dell vostro 5390";22
"dell vostro 5401";112
"dell vostro 5402";194
"dell vostro 5415";33
"dell vostro 5501";152
"dell vostro 5502";244
"dell vostro 5510";132
"dell vostro 7500";263
"dell vostro 7590";57
"dell xps 13 7390";84
"dell xps 13 9300";105
"dell xps 13 9305";54
"dell xps 13 9310";353
"dell xps 13 ultrabook";26
"dell xps 15 7590";134
"dell xps 15 9500";283
"dell xps 17";521
"dell xps 17 9700";289
"dell xps 9305";16
"dell alienware";785
"dell inspiron";2658
"dell latitude";985
"dell precision";574
"dell vostro";911
"dell xps";1210
"dell g15";167
"dell g3";715
"dell g5";493
"dell g7";234
"ноутбук alienware";335
"ноутбуки alienware";111
"игровой ноутбук alienware";37
"alienware ноутбук";619
"alienware ноутбуки";89
"купить ноутбук alienware";62
"ноутбук alienware купить";50
"ноутбуки alienware купить";35
"alienware купить ноутбук";32
"alienware ноутбук купить";92
"alienware ноутбуки купить";17
"ноутбук делл";894
"ноутбук делл востро";41
"ноутбук делл инспирон";165
"ноутбук делл цена";108
"ноутбуки делл";448
"цена ноутбука делл";22
"делл ноутбук";279
"делл ноутбуки";78
"купить делл ноутбук";17
"купить ноутбук делл";137
"купить ноутбук делл в москве";18
"ноутбук делл купить";210
"ноутбук делл купить в москве";44
"ноутбук делл купить в спб";29
"ноутбуки делл купить";54
"ноутбуки делл купить в москве";17
"ноутбуки делл купить в спб";19
"делл ноутбук купить";15
"ноутбук dell";2066
"ноутбук dell alienware";33
"ноутбук dell inspiron";499
"ноутбук dell latitude";139
"ноутбук dell vostro";175
"ноутбук dell xps";72
"ноутбук dell белый";15
"ноутбук dell цена";146
"ноутбук dell inspiron цена";28
"dell ноутбук";636
"dell ноутбуки";385
"dell ноутбуки цены";14
"ноутбуки dell";902
"ноутбуки dell inspiron";19
"ноутбуки dell latitude";31
"ноутбуки dell vostro";18
"игровой ноутбук dell";107
"игровые ноутбуки dell";91
"рюкзак для ноутбука dell";40
"купить ноутбук dell";309
"купить ноутбуки dell";15
"купить ноутбук dell inspiron";49
"купить ноутбук dell latitude";18
"купить ноутбук dell vostro";17
"купить ноутбук dell xps";12
"купить ноутбук dell в москве";37
"купить ноутбук dell в спб";13
"ноутбук dell купить";393
"ноутбук купить dell";42
"ноутбук dell купить в москве";115
"ноутбук dell купить в спб";39
"dell купить ноутбук";35
"dell ноутбук купить";435
"dell ноутбуки купить";30
"dell ноутбук купить в москве";13
"dell ноутбуки купить в москве";11
"ноутбуки dell купить";121
"ноутбуки dell купить в москве";37
"ноутбуки dell купить в спб";14
"ноут dell";62
"дрим машинс ноутбук презентация";3
"dream machine ноутбук";37
"hp omen отзывы";29
"hp pavilion gaming отзывы";35
"hp envy x360 отзывы";35
"hp pavilion x360 отзывы";18
"hp spectre x360 отзывы";24
"hp laptop отзывы";11
"hp elitebook отзывы";6
"hp envy отзывы";17
"hp pavilion отзывы";35
"hp probook отзывы";19
"hp spectre отзывы";4
"hp pro отзывы";2
"hp laptop 14 отзывы";3
"hp laptop 14s отзывы";7
"hp laptop 15 отзывы";2
"hp laptop 15s отзывы";7
"hp laptop 17 отзывы";2
"hp 250 g7 отзывы";28
"hp 255 g7 отзывы";32
"hp 255 g8 отзывы";19
"hp 470 g7 отзывы";12
"hp envy 13 отзывы";19
"hp envy 15 отзывы";16
"hp envy 17 отзывы";4
"hp envy x360 13 отзывы";12
"hp envy x360 15 отзывы";20
"hp pavilion 13 отзывы";3
"hp pavilion 14 отзывы";8
"hp pavilion 15 отзывы";40
"hp pavilion 17 отзывы";8
"hp pavilion gaming 15 отзывы";58
"hp pavilion gaming 16 отзывы";24
"hp pavilion gaming 17 отзывы";20
"hp pavilion gaming tg01 отзывы";1
"hp pavilion x360 14 отзывы";8
"hp pavilion x360 15 отзывы";3
"hp omen 15 отзывы";37
"hp omen 17 отзывы";16
"hp probook 430 отзывы";1
"hp probook 450 отзывы";2
"hp elitebook";1324
"hp envy";1264
"hp laptop";658
"hp omen";2815
"hp pavilion";6523
"hp probook";3428
"hp spectre";366
"hp stream";56
"hp elite dragonfly";194
"hp pavilion gaming";1871
"hp elite";74
"hp zbook";290
"hp chromebook";58
"hp essential";14
"hp essentials";0
"hp mobile thin";0
"hp pro";58
"hp victus";94
"hp z";28
"hp envy x360";1749
"hp pavilion x360";669
"hp probook x360";48
"hp spectre x360";1044
"hp zbook 15";98
"hp zbook 17";76
"hp laptop 14";55
"hp laptop 14s";90
"hp laptop 15";426
"hp laptop 15s";108
"hp laptop 17";88
"hp 240 g8";135
"hp 245 g8";115
"hp 250 g7";1121
"hp 250 g8";166
"hp 255 g7";772
"hp 255 g8";245
"hp 340s g7";210
"hp 470 g7";268
"hp elite g2";1
"hp elitebook 820";84
"hp elitebook 840";403
"hp elitebook 845";17
"hp elitebook 850";63
"hp elitebook 855";15
"hp elitebook 8560p";58
"hp elitebook 8570p";51
"hp elitebook 8760w";13
"hp elitebook 8770w";35
"hp envy 13";698
"hp envy 14";132
"hp envy 15";481
"hp envy 17";368
"hp envy x360 13";557
"hp envy x360 15";283
"hp pavilion 13";130
"hp pavilion 14";234
"hp pavilion 15";2174
"hp pavilion 17";650
"hp pavilion gaming 15";3582
"hp pavilion gaming 16";464
"hp pavilion gaming 17";743
"hp pavilion gaming tg01";96
"hp pavilion x360 14";184
"hp pavilion x360 15";46
"hp omen 15";3230
"hp omen 17";844
"hp omen x 25";58
"hp probook 430";158
"hp probook 440";81
"hp probook 445";19
"hp probook 450";333
"hp probook 455";59
"hp probook 455r";1
"hp probook 635";5
"hp probook 650";62
"hp probook x360 435";9
"hp spectre x360 13";132
"hp spectre x360 15";125
"куплю ноутбук pavilion";144
"ноутбук hp";10267
"ноутбук hp elitebook";279
"ноутбук hp envy";364
"ноутбук hp laptop";260
"ноутбук hp omen";230
"ноутбук hp pavilion";1869
"ноутбук hp probook";579
"ноутбук hp spectre";41
"ноутбук hp белый";79
"ноутбук hp омен";15
"ноутбук hp павильон";26
"ноутбук hp размеры";10
"ноутбук hp серебристый";22
"ноутбук hp серый";47
"ноутбук hp старый";10
"ноутбук hp цена";469
"ноутбук игровой hp";42
"ноутбук hp pavilion gaming";451
"ноутбук hp pavilion notebook";14
"ноутбук hp pavilion игровой";13
"ноутбук hp pavilion обзор";13
"ноутбук hp pavilion цена";62
"ноутбук hp pavilion g series";45
"hp ноутбук";2177
"hp ноутбуки";1203
"hp omen ноутбук";98
"hp игровой ноутбук";114
"ноутбуки hp";1752
"ноутбуки hp envy";17
"ноутбуки hp pavilion gaming";28
"ноутбуки hp все модели";271
"ноутбуки hp все модели цены и характеристики";158
"игровой ноутбук hp";472
"цена ноутбука hp";56
"игровой ноутбук hp pavilion";44
"обзор ноутбука hp";16
"все модели ноутбуков hp";13
"стилус для ноутбука hp";45
"купить ноутбук hp";836
"купить ноутбук hp envy";14
"купить ноутбук hp laptop";14
"купить ноутбук hp omen";35
"купить ноутбук hp pavilion";125
"купить ноутбук hp недорого";14
"купить ноутбук hp pavilion gaming";20
"купить ноутбук hp в спб";42
"ноутбук hp купить";880
"ноутбук hp envy купить";23
"ноутбук hp omen купить";17
"ноутбук hp pavilion купить";28
"ноутбук hp купить недорого";16
"ноутбук hp купить в москве";170
"ноутбук hp купить в спб";101
"hp ноутбук купить";458
"hp omen ноутбук купить";10
"hp ноутбук купить в спб";28
"ноутбуки hp купить в спб";33
"ноутбук honor купить в спб";21
"купить ноутбук honor magicbook";22
"huawei ноутбук цена";7
"ноутбук huawei купить";257
"ноутбук huawei matebook купить";5
"ноутбук huawei matebook купить в спб";0
"ноутбук хуавей цена";98
"ноутбуки хуавей";706
"ноутбуки хуавей дюймов цены и характеристики";0
"ноутбуки хуавей цены и характеристики в кургане";0
"купить ноутбук хуавей в спб";22
"купить ноутбук хуавей в интернет магазине";9
"хуавей ноутбук купить спб";12
"lenovo ideapad 3 отзывы";76
"lenovo ideapad gaming 3 отзывы";63
"lenovo legion 5 отзывы";97
"lenovo ideapad 3 15 отзывы";11
"lenovo ideapad 5 14 отзывы";5
"lenovo ideapad s145 отзывы";67
"lenovo ideapad l340 отзывы";11
"lenovo v14 отзывы";6
"lenovo v15 отзывы";6
"lenovo thinkbook 14 отзывы";10
"lenovo thinkbook 15 отзывы";7
"lenovo ideapad 1 отзывы";1
"lenovo ideapad 5 отзывы";14
"lenovo ideapad duet отзывы";0
"lenovo ideapad flex отзывы";0
"lenovo legion 7 отзывы";7
"lenovo thinkbook отзывы";7
"lenovo thinkpad x1 отзывы";0
"lenovo yoga duet отзывы";0
"lenovo yoga slim отзывы";8
"lenovo ideapad 3";2324
"lenovo ideapad gaming 3";3195
"lenovo legion 5";7428
"lenovo thinkpad 11e";36
"lenovo ideapad 1 11";4
"lenovo ideapad 1 14";5
"lenovo ideapad 3 14";45
"lenovo ideapad 3 15";267
"lenovo ideapad 3i 15";0
"lenovo ideapad 3 17";42
"lenovo ideapad 3i 14";5
"lenovo ideapad 3i 17";0
"lenovo ideapad 330s";250
"lenovo ideapad 5 14";185
"lenovo ideapad 5 15";403
"lenovo ideapad 5 pro 14";57
"lenovo ideapad 5i pro 14";0
"lenovo ideapad 5 pro 16";134
"lenovo ideapad 5i pro 16";14
"lenovo ideapad 530s 14";12
"lenovo ideapad duet 3i";12
"lenovo ideapad gaming 3 gen 6";0
"lenovo ideapad gaming 3i";32
"lenovo ideapad gaming 3i gen 6";0
"lenovo ideapad l340 15";754
"lenovo ideapad l340 17";66
"lenovo ideapad c340";112
"lenovo ideapad creator 5i";2
"lenovo ideapad flex 3 11";9
"lenovo ideapad flex 5 14";17
"lenovo ideapad flex 5 15";3
"lenovo ideapad s145";3217
"lenovo ideapad s340 14";142
"lenovo ideapad s340 15";116
"lenovo ideapad l3";59
"lenovo ideapad l340";670
"lenovo legion 5 15";269
"lenovo legion 5 17";275
"lenovo legion 5 pro 16";270
"lenovo legion 5i pro";13
"lenovo legion 5i 15";0
"lenovo legion 5i 17";10
"lenovo legion 5p 15";8
"lenovo legion 5pi 15";0
"lenovo legion 7 16";124
"lenovo legion 7i";116
"lenovo legion slim 7";102
"lenovo legion slim 7i";15
"lenovo legion creator 7i";6
"lenovo legion y740si";0
"lenovo legion y540 15";218
"lenovo legion y540 17";24
"lenovo legion y545";107
"lenovo lenovo legion y740";0
"lenovo v130";52
"lenovo v14";118
"lenovo v15";127
"lenovo v17";24
"lenovo v155";28
"lenovo v310";83
"lenovo v320";32
"lenovo v330";49
"lenovo thinkbook 13s";153
"lenovo thinkbook 14";14
"lenovo thinkbook 15";11
"lenovo thinkbook 15p";4
"lenovo thinkbook plus";30
"lenovo thinkbook 13x";1
"lenovo thinkbook 14s yoga";72
"lenovo thinkbook 16p";3
"lenovo thinkpad yoga 11e";1
"lenovo thinkpad yoga 11e chromebook";0
"lenovo thinkpad e14";313
"lenovo thinkpad e15";125
"lenovo thinkpad p14s";15
"lenovo thinkpad p15";44
"lenovo thinkpad p15s";31
"lenovo thinkpad t14";107
"lenovo thinkpad t14s";97
"lenovo thinkpad t490";92
"lenovo thinkpad t495";14
"lenovo thinkpad t495s";19
"lenovo thinkpad t15";61
"lenovo thinkpad t15g";19
"lenovo thinkpad t15p";9
"lenovo thinkpad t490s";43
"lenovo thinkpad t590";28
"lenovo thinkpad l14";20
"lenovo thinkpad l15";21
"lenovo thinkpad l13";108
"lenovo thinkpad l13 yoga";44
"lenovo thinkpad x1 extreme";87
"lenovo thinkpad x1 nano";209
"lenovo thinkpad x1 carbon";484
"lenovo thinkpad x1 fold";79
"lenovo thinkpad x1 titanium yoga";39
"lenovo thinkpad x1 yoga";92
"lenovo thinkpad x13";44
"lenovo thinkpad x13 yoga";5
"lenovo thinkpad x390 yoga";9
"lenovo thinkpad x12 detachable";57
"lenovo thinkpad x390";35
"lenovo thinkpad x395";13
"lenovo yoga duet 7i";23
"lenovo yoga 6";56
"lenovo yoga 7i 14";11
"lenovo yoga 7i 15";5
"lenovo yoga 9i 14";10
"lenovo yoga 9i 15";5
"lenovo yoga s740";44
"lenovo yoga creator 7i";3
"lenovo yoga slim 7i 13";0
"lenovo yoga slim 7 14";91
"lenovo yoga slim 7 15";49
"lenovo yoga slim 7 pro";143
"lenovo yoga slim 7i pro";18
"lenovo yoga slim 7i carbon";11
"lenovo yoga slim 9i";15
"lenovo ideapad l340-15";909
"lenovo thinkbook 15 g2";327
"lenovo ideapad 5-14";210
"lenovo ideapad 3-15";328
"lenovo v145-15";12
"lenovo ideapad l340-15 gaming";172
"lenovo ideapad s145-15";156
"lenovo ideapad gaming 3-15";486
"lenovo ideapad 3-14";64
"lenovo ideapad 5-15";480
"lenovo v155-15";9
"lenovo ideapad 3-17";67
"lenovo ideapad 1-11";4
"lenovo ideapad 1-14";3
"lenovo thinkbook 14 g3";202
"lenovo v14 g2 alc";49
"lenovo thinkpad t15p gen 1";8
"lenovo legion 5 pro 16ach6h";865
"lenovo thinkbook 14 g2";135
"lenovo legion 5 17ach6h";932
"lenovo thinkpad x1 carbon 8";6
"lenovo yoga s940-14";8
"lenovo thinkpad x1 carbon 9";34
"lenovo yoga slim 9 14";0
"lenovo v130-15";84
"lenovo thinkpad e14 gen 2";226
"lenovo ideapad l340-17";74
"lenovo thinkbook 13s g2";51
"lenovo ideapad 5 pro-14";67
"lenovo yoga slim 7 pro 14";8
"lenovo thinkpad t14 gen 2";45
"lenovo legion 5 15ith6";66
"lenovo legion 5 pro 16ach6";113
"lenovo legion 5 pro 16ith6";27
"lenovo legion 5 15ach6";171
"lenovo legion 5 17ith6";4
"lenovo legion 5 15ith6h";47
"lenovo legion 5 pro 16ith6h";46
"lenovo thinkpad x1 nano gen 1";26
"lenovo thinkpad t15g gen 1";3
"lenovo thinkpad x1 titanium yoga gen 1";17
"lenovo thinkpad l13 gen 2";55
"lenovo thinkpad yoga l13";24
"lenovo thinkpad l13 yoga gen 2";12
"lenovo thinkpad p15v gen 1";9
"lenovo thinkpad p14s gen 1";8
"lenovo thinkpad p15 gen 1";30
"lenovo thinkpad p17 gen 1";34
"lenovo thinkpad p1 gen 3";23
"ноутбук thinkpad";155
"lenovo gaming ноутбук";33
"ноутбук lenovo gaming";20
"ноутбук lenovo ip gaming";33
"ноутбук леново йога";97
"леново йога ноутбук";398
"леново йога ноутбук трансформер";125
"леново йога ноутбук цена";40
"купить ноутбук леново йога";12
"ноутбук lenovo legion";202
"lenovo legion ноутбук";101
"lenovo legion ноутбуки";10
"купить ноутбук lenovo legion";64
"купить игровой ноутбук lenovo legion";17
"ноутбук lenovo legion купить";17
"lenovo legion ноутбук купить";14
"ноутбук леново легион";169
"игровые ноутбуки леново легион";13
"купить ноутбук леново легион";69
"ноутбук lenovo thinkbook";68
"ноутбук lenovo thinkpad";373
"lenovo thinkpad ноутбук";17
"купить ноутбук lenovo thinkpad";30
"ноутбук lenovo thinkpad купить";15
"ноутбук lenovo yoga";123
"ноутбук lenovo yoga slim";14
"купить ноутбук lenovo yoga";11
"ноутбук lenovo ideapad";602
"ноутбук lenovo ideapad gaming";73
"купить ноутбук lenovo ideapad";78
"lenovo ideapad";2650
"lenovo legion";3930
"lenovo thinkbook";34
"lenovo thinkpad";5880
"lenovo yoga";2218
"lenovo ideapad flex";59
"lenovo thinkpad t";23
"lenovo yoga slim";108
"lenovo ideapad 1";36
"lenovo ideapad 5";875
"lenovo ideapad duet";20
"lenovo ideapad gaming l";0
"lenovo ideapad c";1
"lenovo ideapad creator";5
"lenovo ideapad s";16
"lenovo ideapad l";4
"lenovo legion 7";1920
"lenovo legion y";24
"lenovo v";0
"lenovo thinkpad e";9
"lenovo thinkpad p";27
"lenovo thinkpad l";6
"lenovo thinkpad x1";388
"lenovo thinkpad x";21
"lenovo yoga duet";16
"ноутбук legion";145
"купить ноутбук omen";17
"ноутбук омен";200
"омен ноутбуки цены";43
"ноутбук омен купить";16
"ноутбук леново";4155
"ноутбук леново игровой";71
"ноутбук леново характеристики";34
"ноутбуки леново";923
"ноутбуки леново цены";61
"игровой ноутбук леново";263
"купить ноутбук леново";680
"купить ноутбук леново в спб";28
"ноутбук леново купить в спб";125
"леново купить ноутбук";21
"леново ноутбук купить в спб";15
"клавиатура для ноутбука леново купить";13
"ноутбук lenovo";2293
"lenovo ноутбук";1015
"ноутбуки lenovo";649
"купить ноутбук lenovo в спб";26
"lenovo ноутбук купить";169
"msi bravo отзывы";0
"msi gaming отзывы";0
"msi modern отзывы";7
"msi prestige отзывы";1
"msi creator отзывы";3
"msi bravo 15 отзывы";6
"msi gf63 отзывы";26
"msi gf65 отзывы";8
"msi gf75 отзывы";17
"msi gl65 отзывы";5
"msi gl75 отзывы";6
"msi stealth 15m отзывы";9
"msi modern 14 отзывы";26
"msi modern 15 отзывы";19
"msi alpha 15";155
"msi bravo 15";409
"msi bravo 17";57
"msi ge65";15
"msi ge66";158
"msi ge75";29
"msi ge76";243
"msi gf63";1541
"msi gf65";662
"msi gf75";617
"msi gf66";17
"msi gf76";12
"msi gl63";153
"msi gl65";265
"msi gl73";48
"msi gl75";213
"msi gl66";20
"msi gl76";61
"msi gp65";32
"msi gp66";177
"msi gp75";32
"msi gp76";101
"msi gs66";124
"msi gs75";33
"msi gs76";55
"msi stealth 15m";684
"msi gt63";13
"msi gt75";37
"msi gt76";43
"msi sword 15";69
"msi sword 17";35
"msi gv62";19
"msi gv72";37
"msi vortex w25";26
"msi we62";1
"msi we63";2
"msi we65";0
"msi we72";3
"msi we73";1
"msi we75";0
"msi wf65";8
"msi wf75";7
"msi wp65";0
"msi ws60";0
"msi ws63";1
"msi ws65";9
"msi ws75";11
"msi wt73";1
"msi wt73vr";0
"msi wt75";6
"msi modern 14";1037
"msi modern 15";447
"msi modern ps63";0
"msi summit e13";13
"msi summit e16";8
"msi summit e14";54
"msi summit e15";55
"msi summit b14";16
"msi summit b15";25
"msi prestige 14";209
"msi prestige 15";253
"msi creator 15";291
"msi creator 15m";16
"msi creator 17";186
"msi creator 17m";38
"msi creator z16";303
"msi alpha";42
"msi bravo";44
"msi creator";269
"msi modern";219
"msi prestige";106
"msi summit";35
"msi gp leopard";11
"msi gaming";211
"msi workstation";7
"msi ge raider";7
"msi gf katana";25
"msi gl crosshair";0
"msi cs stealth";0
"msi gt titan";9
"msi sword";37
"msi gv series";0
"msi vortex";27
"msi we";0
"msi wf";0
"msi wp";0
"msi ws";6
"msi wt";0
"ноутбук msi";2428
"ноутбук msi creator";19
"ноутбук msi leopard";39
"ноутбук msi modern";48
"ноутбук msi prestige";10
"ноутбук msi raider";10
"ноутбук msi stealth";11
"ноутбук msi titan";24
"ноутбук msi авито";15
"ноутбук msi игровой";368
"ноутбук msi обзор";6
"ноутбук msi характеристики";16
"ноутбук msi цена";88
"ноутбук игровой msi";144
"ноутбук msi в москве";1
"ноутбук msi в рассрочку";4
"msi ноутбук";910
"msi ноутбуки";2552
"msi игровой ноутбук";139
"msi ноутбук игровой";97
"msi ноутбуки цены";7
"ноутбуки msi";1281
"ноутбуки msi creator";7
"ноутбуки msi каталог";66
"ноутбуки msi каталог и цены";171
"игровой ноутбук msi";702
"обзор ноутбука msi";10
"игровые ноутбуки msi";546
"сколько стоит ноутбук msi";17
"программы для ноутбука msi";15
"купить msi ноутбук";74
"купить ноутбук msi";525
"купить ноутбуки msi";21
"купить игровой ноутбук msi";165
"купить недорогой ноутбук msi";39
"купить ноутбук msi leopard";10
"купить ноутбук msi бу";13
"купить ноутбук msi игровой";65
"купить ноутбук игровой msi";18
"купить ноутбук msi в москве";27
"купить ноутбук msi в спб";29
"ноутбук msi купить";771
"ноутбук купить msi";32
"ноутбук msi купить спб";12
"ноутбук msi купить в москве";92
"ноутбук msi купить в спб";31
"msi ноутбук купить";613
"msi ноутбуки купить";139
"msi купить ноутбук игровой";14
"msi ноутбуки игровые купить";97
"msi ноутбуки купить спб";25
"msi ноутбуки купить в москве";20
"ноутбуки msi купить";75
"ноутбуки msi купить в спб";9
"игровой ноутбук msi купить";150
"недорогой ноутбук msi купить";833
"ноутбук мси";339
"ноутбук мсиай";33
"мси ноутбук";66
"мси ноутбуки игровые";35
"мсиай ноутбуки";17
"купить мси ноутбук";26
"купить ноутбук мси";55
"ноутбук мси купить";35
"магазин компьютерной техники спб";108
"магазин компьютерной техники в спб";15
"магазины компьютеров в спб";20
"магазины компьютерной техники в спб";102
"компьютерный магазин спб";191
"компьютерный интернет магазин спб";11
"компьютерные магазины спб";142
"магазин компьютерной техники";1262
"компьютерный магазин рядом";159
"купить готовый пк";233
"купить пк в спб";127
"готовый пк купить";136
"где лучше купить компьютер";457
"купить пк";5147
"купить компьютер в спб";527
"купить компьютер";8828
"купить настольный компьютер";111
"купить домашний компьютер";35
"купить игровой пк недорого";342
"купить игровой пк";2702
"купить пк игровой недорого";246
"купить игровой пк в москве";117
"купить игровой пк в спб";74
"купить пк игровой в москве";50
"игровой пк недорого";290
"игровые пк купить в москве";62
"игровые пк купить в спб";22
"где купить пк игровой";17
"готовый пк игровой купить";25
"купить геймерский компьютер";10
"купить игровой компьютер";7376
"купить готовый игровой компьютер";27
"купить готовый компьютер игровой";72
"купить игровой компьютер в москве";243
"купить игровой компьютер в спб";164
"купить мощный компьютер для игр";41
"купить игровой компьютер в спб недорого";26
"магазин игровых компьютеров";74
"игровой компьютер купить";3790
"игровой компьютер купить в москве";225
"игровой компьютер купить в спб";326
"игровой компьютер купить в спб недорого";20
"игровые компьютеры на заказ";17
"где купить игровой компьютер";72
"заказать игровой компьютер";57
"готовый компьютер для игр";1196
"дешёвые игровые компьютеры";175
"стационарный компьютер игровой";26
"купить мощный игровой компьютер";182
"купить мощный компьютер недорого";28
"купить мощный компьютер";186
"купить собранный компьютер";60
"купить пк asus";8
"купить компьютер asus";36
"компьютер asus цена";43
"компьютер asus";167
"мини пк asus";37
"asus rog strix пк";13
"игровой пк asus";22
"купить игровой компьютер asus";9
"игровой компьютер asus";27
"asus rog пк купить";3
"компьютер asus rog купить";1
"компьютер делл";64
"купить компьютер dell";44
"персональный компьютер dell";4
"настольные компьютеры dell";12
"компьютер dell";203
"пк dell";36
"купить пк dell";4
"компьютеры dell цена";23
"компьютер dell inspiron";14
"компьютер dell core i5";1
"компьютер dell i7";0
"компьютер dell optiplex";19
"пк dell optiplex";7
"пк dell vostro";11
"компьютер dell vostro";12
"моноблоки dell купить";35
"lenovo legion компьютер";12
"lenovo legion пк";27
"компьютер lenovo";97
"пк lenovo";63
"купить компьютер lenovo";30
"персональные компьютеры lenovo";3
"настольный компьютер lenovo";9
"lenovo игровой компьютер";13
"компьютер lenovo i5";0
"компьютер lenovo ideacentre";20
"пк lenovo ideacentre";12
"компьютер lenovo thinkcentre tiny";5
"компьютер lenovo tiny";2
"мини пк lenovo";34
"компьютеры lenovo ideapad";0
"компьютер ноутбук lenovo";2
"пк lenovo ideacentre 3";23
"пк lenovo legion t5";8
"пк lenovo thinkcentre";7
"компьютер lenovo thinkcentre";23
"компьютеры мсай";21
"купить компьютер msi";74
"купить пк msi";104
"купить игровой компьютер msi";23
"мсай компьютеры";11
"msi компьютеры";549
"игровой компьютер msi";62
"компьютер msi цена";39
"msi пк";238
"купить игровой пк msi";24
"msi готовые пк";58
"игровой пк msi";59
"пк msi infinite";4
"компьютер msi trident";2
"моноблок lenovo";903
"lenovo компьютер моноблок";19
"купить моноблок lenovo";42
"купить моноблок lenovo ideacentre";13
"купить моноблок asus";61
"моноблок асус купить";58
"моноблок msi pro";17
"моноблок msi цена";26
"моноблок msi";321
"моноблок msi купить";33
"моноблок msi ms";3
"игровой моноблок msi";16
"моноблок msi gaming";18
"моноблок msi pro 24x";40
"моноблок msi 24";0
"купить игровой моноблок";101
"игровой моноблок";635
"купить моноблок компьютер";330
"пк моноблок";43
"купить моноблок цена";12
"купить моноблок";1347
"купить моноблок в интернет магазине";6
"купить моноблок для дома";6
"моноблоки купить в спб";232
"купить моноблок 23.8";3
"моноблок купить недорого";39
"моноблок 24 купить";6
"моноблок 27 купить";20
"купить моноблок 27 дюймов";64
"недорогой неттоп купить";1
"неттоп купить";504
"мини неттоп купить";1
"мини пк купить";649
"купить монитор для компьютера";2375
"интернет магазин мониторов для компьютера";
"купить монитор";5501
"купить монитор в интернет магазине";19
"купить монитор в магазине";
"купить монитор для компьютера в магазине";
"купить монитор для компьютера в спб";311
"купить монитор для компьютера недорого";
"купить монитор для пк";417
"купить монитор спб";33
"магазин монитор спб";
"магазин мониторов";50
"магазин мониторов для компьютера";
"монитор интернет магазин";19
"монитор цена спб";
"мониторы для компьютера в спб";
"мониторы спб интернет магазин";
"недорогие мониторы спб";
"2к монитор 144";2
"4к монитор 144 гц купить";271
"игровой монитор 144";50
"игровой монитор 144 герц";27
"игровой монитор 144 гц 24";2
"игровые мониторы 144 гц";434
"игровые мониторы 144гц";38
"изогнутый монитор 144 герц";3
"изогнутый монитор 144 гц";35
"изогнутый монитор 144гц";19
"изогнутый монитор 27 дюймов 144";4
"купить игровой монитор 144 гц";91
"купить игровой монитор 144 гц 27 дюймов";10
"купить монитор 144 гц";848
"монитор 144 герца";193
"монитор 144 гц";5679
"монитор 144 гц 1920x1080";151
"монитор 144 гц 25 дюймов";6
"монитор 144 гц 27 2к";12
"монитор 144 гц ips";35
"монитор 144 изогнутый";8
"монитор 144 цена";0
"монитор 24 144 гц";13
"монитор 24 дюйма 144";0
"монитор 24 дюйма 144 гц";81
"монитор 27 144 гц";25
"монитор 27 дюймов 144";13
"монитор 27 дюймов 144 герц";23
"монитор 27 дюймов 144 гц";76
"монитор 2к 144 гц";151
"монитор 2к 144 гц 27 дюймов";72
"монитор 32 дюйма 144 гц";33
"монитор 32 дюйма 4к 144 гц";16
"монитор 4к 144";20
"монитор 4к 144 гц";274
"монитор hp 144";6
"монитор hp 144 гц";45
"монитор самсунг изогнутый 144";4
"мониторы для компьютера 144 гц";27
"4к монитор 240 гц";446
"4к монитор 240 гц купить";59
"игровой монитор 240 герц";39
"игровые мониторы 240 гц";108
"купить монитор 240 герц";129
"монитор 24 240 гц";1
"монитор 240 герц";408
"монитор 240 гц";959
"монитор 240 гц 27 дюймов";22
"монитор 240 гц купить";494
"монитор 240 гц цена";51
"монитор 27 240 гц";3
"монитор 4к 240";4
"мониторы 240 гц ips";9
"игровой монитор 32";12
"игровой монитор 32 дюйма";26
"игровые мониторы 31.5";0
"игровой монитор 34";5
"игровой монитор";1872
"игровой монитор для компьютера";166
"игровой монитор 24";14
"игровой монитор 24 дюйма";32
"игровой монитор hd";0
"игровой монитор цена";35
"игровые мониторы для пк";125
"купить игровой монитор";654
"купить игровой монитор для компьютера";150
"недорогой игровой монитор";32
"монитор для пк игровой купить";21
"монитор ips hdmi";2
"игровые мониторы ips";10
"монитор full hd ips";16
"монитор ips";202
"монитор ips 24 дюйма";48
"мониторы с ips матрицей";70
"изогнутые мониторы для игр";12
"изогнутый игровой монитор";38
"изогнутый игровой монитор купить";3
"изогнутый монитор для компьютера";274
"изогнутый монитор 27 дюймов";42
"изогнутый монитор 27 дюймов купить";24
"изогнутый монитор 32 дюйма";25
"изогнутый монитор цена";25
"купить изогнутый монитор";54
"купить изогнутый монитор для компьютера";56
"купить изогнутый монитор 27";0
"монитор с изогнутым экраном";79
"монитор 24 дюйма изогнутый";10
"монитор 24 дюйма изогнутый экран";4
"монитор изогнутый 24";7
"монитор изогнутый экран 27";5
"широкий изогнутый монитор";6
"панорамный монитор";14
"купить монитор с динамиком";2
"монитор с динамиками купить";19
"монитор со встроенным динамиком";4
"монитор со встроенными динамиками";111
"мониторы для компьютеров с динамиком";0
"мониторы с динамиками для компьютера";14
"купить монитор с камерой";17
"монитор с веб камерой";59
"монитор с камерой";92
"монитор с камерой и динамиками";3
"монитор с камерой и микрофоном";42
"купить монитор 360";6
"купить монитор 360 гц";152
"монитор 360 герц";380
"монитор 360 герц купить";161
"монитор 360 герц цена";126
"монитор 360 гц";381
"монитор 360 гц цена";255
"купить монитор для компьютера в спб недорого";120
"монитор для компьютера";5250
"монитор для компьютера купить";4621
"монитор для компьютера купить в спб";169
"распродажа мониторов";43
"купить портативный монитор";27
"портативный монитор";602
"купить широкий монитор";12
"широкий монитор";193
"монитор с сенсорным экраном";132
"монитор с сенсорным экраном для компьютера";5
"монитор с сенсорным экраном для компьютера купить";29
"монитор с сенсорным экраном купить";13
"монитор 1680x1050";25
"монитор 1920x1080";637
"монитор 1920x1080 hdmi";16
"монитор 1920x1080 ips";5
"монитор 3440x1440";20
"asus gaming монитор";16
"игровые мониторы asus";49
"монитор игровой asus gaming";0
"монитор asus zenscreen";2
"монитор asus 144 гц";30
"asus ips монитор";18
"купить монитор asus";43
"монитор asus";655
"монитор asus цена";30
"монитор асус";507
"монитор asus gaming vg249q";4
"монитор asus tuf gaming vg249q";67
"asus mb168b";39
"asus mb169b";19
"asus proart pa247cv";25
"asus proart pa24ac";87
"asus proart pa278cv";28
"asus proart pa278qv";354
"asus proart pa279cv";38
"asus proart pa32uc-k";14
"asus proart pa32ucx-pk";32
"asus rog strix xg16ahpe";5
"asus rog strix xg258q";94
"asus rog strix xg27aq";9
"asus rog strix xg27wq";5
"asus rog strix xg32vc";20
"asus rog strix xg438q";90
"asus rog strix xg438qr";1
"asus rog strix xg43vq";0
"asus rog swift pg259qn";1209
"asus rog swift pg259qnr";226
"asus rog swift pg329q";111
"asus tuf vg248qe";0
"asus tuf vg248qg";0
"asus tuf vg249q";10
"asus tuf vg258qm";0
"asus tuf vg258qr";0
"asus tuf vg259qm";35
"asus tuf vg278qf";0
"asus tuf vg278qr";0
"asus tuf vg279q";6
"asus tuf vg279ql1a";1
"asus tuf vg279qm";50
"asus tuf vg279qr";2
"asus tuf vg27aq";116
"asus tuf vg27bq";1
"asus tuf vg27vq";3
"asus tuf vg328h1b";0
"asus tuf vg34vql1b";0
"asus tuf vg35vq";1
"asus va249he";120
"asus va249na";163
"asus va24dq";265
"asus va24ehe";455
"asus va27dqsb";79
"asus va27ehe";205
"asus vp229he";159
"asus vp247hae";51
"asus vp279he";3
"asus vp28uqgl";2
"asus vt168h";22
"asus vt168n";33
"asus vz239he-w";28
"asus vz279he";128
"asus zenscreen mb16ac";58
"asus zenscreen mb16ace";0
"asus zenscreen mb16acm";2
"asus zenscreen mb16ah";0
"asus zenscreen mb16amt";10
"asus zenscreen mb16ap";0
"монитор asus proart 27";2
"asus proart монитор купить";2
"монитор asus proart";31
"asus rog strix монитор";31
"купить монитор asus rog strix";3
"монитор asus rog strix 27";3
"монитор asus rog strix xg27vq";76
"монитор asus strix";3
"asus tuf gaming монитор";81
"игровой монитор asus tuf gaming";4
"монитор asus tuf gaming купить";2
"монитор asus rog swift";7
"монитор asus rog swift купить";1
"монитор asus swift";0
"dell alienware монитор";20
"купить монитор dell alienware";0
"монитор alienware";139
"alienware монитор";184
"dell alienware aw2521h";100
"dell alienware aw2521hfa";4
"dell alienware aw2521hfla";13
"dell alienware aw2720hfa";3
"dell alienware aw3420dw";28
"dell alienware aw3821dw";39
"dell c2422he";17
"dell c2722de";35
"dell c3422we";24
"dell c5519q";25
"dell c5522qt";3
"dell c6522qt";11
"dell c7017t";7
"dell c7520qt";17
"dell e2221hn";44
"dell e2222hs";5
"dell e2420h";141
"dell e2421hn";135
"dell e2720h";50
"dell e2720hs";75
"dell p2217";52
"dell p2219h";73
"dell p2222h";35
"dell p2319h";110
"dell p2418ht";163
"dell p2418hzm";52
"dell p2419h";561
"dell p2422h";120
"dell p2422he";30
"dell p2719hc";73
"dell p3221d";97
"dell p3222qe";157
"dell s2421h";363
"dell s2421hgf";100
"dell s2421hn";666
"dell s2421hs";272
"dell s2422hg";231
"dell s2522hg";235
"dell s2721dgfa";302
"dell s2721h";218
"dell s2721hgf";327
"dell s2721hn";418
"dell s2721hs";265
"dell s2721qs";263
"dell s2722dgm";25
"dell s3220dgf";119
"dell s3221qs";136
"dell s3222dgm";21
"dell s3422dw";56
"dell s3422dwg";80
"dell se2416h";677
"dell se2417hgx";134
"dell se2422h";138
"dell se2722h";38
"dell ultrasharp u2720q";107
"dell ultrasharp u2722d";38
"dell ultrasharp u2722de";17
"dell ultrasharp u3821dw";9
"dell ultrasharp u4320q";14
"dell ultrasharp up2716da";16
"dell ultrasharp up2720q 4k premiercolor";0
"dell ultrasharp up3017a";4
"dell ultrasharp up3216q";4
"dell купить монитор 27";0
"монитор dell 27";257
"монитор dell ips 27";0
"мониторы dell 27 дюймов";61
"игровой монитор dell";16
"купить монитор dell";76
"купить монитор dell ultrasharp";0
"монитор dell";891
"монитор dell 24";247
"монитор dell серебристый";3
"монитор dell характеристики";23
"монитор dell цена";37
"монитор делл";280
"монитор для компьютера dell";22
"мониторы делл";140
"монитор dell 23";33
"монитор dell 23.8";35
"монитор dell hdmi";3
"монитор dell ips";17
"мониторы dell 4k";32
"монитор dell ultrasharp";34
"монитор dell ultrasharp 24";4
"монитор dell ultrasharp 27";5
"aoc 22p2du";14
"aoc gaming ag352qcx";0
"aoc gaming g2868pqu";2
"aoc q27p1";111
"aoc u2790pqu";187
"игровой монитор aoc";37
"купить монитор aoc";59
"монитор aoc";1069
"монитор aoc 23.8";14
"монитор aoc 24";78
"монитор aoc 144";16
"мониторы aoc 144 гц";63
"монитор aoc 27";152
"hp 32f";19
"hp dreamcolor z24xg2";1
"hp dreamcolor z27x g2 studio";2
"hp dreamcolor z31 studio";0
"hp e22 g4";6
"hp e24q g4";12
"hp e24t g4";6
"hp e24u g4";16
"hp e27 g4";42
"hp e27q g4";33
"hp e27u g4";68
"hp elitedisplay e223";17
"hp elitedisplay e273m";11
"hp elitedisplay p22h g4";6
"hp healthcare edition hc241";4
"hp omen 27i";235
"hp omen x 27";38
"hp p21b g4";0
"hp p22 g4";9
"hp p22v g4";0
"hp p24 g4";32
"hp p24h g4";64
"hp p24q g4";43
"hp p24v g4";0
"hp p27h g4";27
"hp p27q g4";26
"hp p27v g4";14
"hp u27";25
"hp u28";108
"hp v28 4k";26
"hp x24c";862
"hp z22n g2";84
"hp z24f g3";11
"hp z27u g3";25
"hp z32";44
"hp z43 uhd 4k";2
"hp omen монитор";67
"hp pavilion монитор";14
"купить монитор hp";56
"монитор hp";750
"монитор hp 24";156
"монитор hp ips";15
"монитор hp цена";6
"монитор hp черный";1
"игровой монитор hp";33
"монитор hp 23";23
"монитор hp 21.5";20
"монитор hp 23.8";25
"монитор hp 24f";256
"монитор hp 27";325
"монитор hp x24c";374
"iiyama xub2792hsu-b1";2
"iiyama xub2792qsu-b1";142
"купить монитор iiyama";18
"монитор iiyama";401
"монитор iiyama 24";59
"монитор iiyama 27";89
"монитор iiyama prolite";68
"монитор iiyama 23.8";12
"монитор iiyama g master";12
"ips мониторы lenovo";17
"купить монитор lenovo";10
"монитор lenovo";130
"монитор lenovo 27";15
"lenovo d22-20";3
"lenovo d24-20";22
"lenovo d27-30";8
"lenovo d32q-20 (65f7gac1eu)";0
"lenovo g24-10";68
"lenovo g27-20";13
"lenovo g27c-10 (66a3gacbeu)";0
"lenovo g27q-20";20
"lenovo g34w-10";42
"lenovo l22i-30";1
"lenovo l24e-30";3
"lenovo l24i-30";1
"lenovo l24q-30";12
"lenovo l27m-28 (65e6kac1eu)";0
"lenovo legion y25-25 with spk";0
"lenovo legion y27gq-25 without spk";0
"lenovo legion y27q-20 with spk";0
"lenovo q24h-10";49
"lenovo q24i-1l";15
"lenovo q27q-1l";15
"lenovo qreator 27";20
"lenovo thinkcentre tio 27";2
"lenovo thinkvision c22-20";1
"lenovo thinkvision c24-20";9
"lenovo thinkvision creator extreme";6
"lenovo thinkvision e22-20";11
"lenovo thinkvision e24-28";1
"lenovo thinkvision e27q-20";0
"lenovo thinkvision m14";24
"lenovo thinkvision p24h-2l";0
"lenovo thinkvision p27q-20";29
"lenovo thinkvision p27u-10";16
"lenovo thinkvision p32p-20";13
"lenovo thinkvision s22e-19";30
"lenovo thinkvision s22e-20";0
"lenovo thinkvision s24e-20";10
"lenovo thinkvision s27e-20";6
"lenovo thinkvision s27q-10";31
"lenovo thinkvision s28u-10";28
"lenovo thinkvision t22i-20";7
"lenovo thinkvision t23i-20";1
"lenovo thinkvision t24i-2l";15
"lenovo thinkvision t25m-10";11
"lenovo thinkvision t27h-2l";0
"lenovo thinkvision t27i-10";16
"lenovo thinkvision t27q-20";30
"lenovo tio 22 g4";3
"lenovo tio 24 g4 touch";0
"lenovo legion монитор";23
"монитор legion";3
"lenovo thinkcentre монитор";2
"купить монитор thinkvision";1
"монитор thinkvision";34
"монитор lenovo thinkvision";59
"монитор 27 lenovo thinkvision";1
"монитор lenovo thinkvision 19";0
"lg 22ea430v-b";44
"lg 22mk430h-b";89
"lg 24ea430v-b";98
"lg 24gl650-b";151
"lg 24mp88hv-s";263
"lg 27gn880-b";54
"lg 27md5kl-b";48
"lg 27mk430h-b";105
"lg 27mp89hm-s";82
"lg 27qn600-b";151
"lg 27ul500-w";208
"lg 27ul650-w";136
"lg 27ul850-w";248
"lg 29wl50s-b";28
"lg 29wn600-w";179
"lg 29wp60g-b";140
"lg 32qn600-b";282
"lg 32ul750-w";31
"lg 34wl850-w";24
"lg ultragear 24gl600f-b";17
"lg ultragear 27gl650f-b";371
"lg ultragear 27gn850-b";102
"lg ultragear 32gn500-b";25
"lg ultragear 32gn550-b";10
"lg ultragear 34gl750-b";22
"lg ultrawide 34wn650-w";3
"игровой монитор lg";49
"монитор lg ultragear";66
"купить монитор lg";163
"монитор lg";1358
"монитор lg flatron";436
"монитор lg w";2
"монитор lg цена";49
"купить ультраширокий монитор";6
"ультраширокий монитор";90
"монитор lg ultrawide";53
"монитор lg 27";149
"монитор lg 27 дюймов";53
"монитор lg ips";18
"msi creator ps321qr";96
"msi optix g241";725
"msi optix g241vc";323
"msi optix g24c6";121
"msi optix g271";293
"msi optix g273qf";97
"msi optix mag272c";46
"msi optix mag272cqr";208
"msi optix mag274qrf";86
"msi optix mag274qrf-qd";174
"msi optix mag27c";130
"msi optix mag321curv";30
"msi optix mag322cqr";27
"msi optix mag322cr";2
"msi optix mag341cq";46
"msi optix mag342cqrv";456
"msi optix mpg341cqr";77
"msi prestige ps341wu";66
"msi pro mp271";157
"msi pro mp271p";13
"msi монитор 144";18
"msi монитор 144 гц";49
"монитор 144гц msi";0
"игровой монитор msi optix";4
"купить монитор msi optix";4
"монитор msi";310
"монитор msi optix";52
"монитор msi pro";2
"купить монитор msi";51
"игровой монитор msi";68
"изогнутый монитор msi";25
"монитор msi 27";17
"монитор msi optix 27";6
"монитор игровой msi 27";0
"мониторы msi 24";0
"philips (278b1)";0
"philips 222v8la";20
"philips 226e9qsb";28
"philips 242e1gaez";24
"philips 242e1gaj";162
"philips 242e2fa";176
"philips 242v8la";83
"philips 243b9";9
"philips 243b9h";6
"philips 243s5ljmb";8
"philips 243s7eymb";42
"philips 243v7qjabf";112
"philips 246e9qdsb";47
"philips 271b8qjeb";10
"philips 271e1sd";35
"philips 271v8la";5
"philips 272b7qubheb";13
"philips 272b7qupbeb";8
"philips 272b8qjeb";32
"philips 272s1ae";14
"philips 273v7qsb";189
"philips 275e2fae";127
"philips 328e1ca";46
"philips монитор 31.5";0
"купить монитор philips";68
"монитор philips";649
"монитор philips 1920x1080";4
"монитор philips 21";6
"монитор philips 21 5";3
"монитор philips 21.5";22
"монитор philips 23";11
"монитор philips 23.8";9
"монитор philips 24";83
"монитор philips 27";93
"монитор philips 27 дюймов";27
"монитор philips hdmi";0
"монитор philips ips";13
"монитор philips led";11
"монитор philips цена";58
"4k монитор 32 дюйма";21
"игровой монитор 4k";2
"игровой монитор 4к";79
"купить игровой монитор 4к";39
"монитор 4к 27 дюймов";66
"монитор 4к 32 дюйма";54
"монитор 4к 32 дюйма купить";160
"мониторы ips 4k";15
"монитор 2560 1440";14
"монитор 27 2560x1440 ips";1
"монитор 27 дюймов 2560х1440";173
"монитор 27 дюймов 2560х1440 144";5
"игровой монитор 27 дюймов";33
"игровой монитор 27 купить";3
"купить игровой монитор 27 дюймов";11
"купить монитор для компьютера 27 дюймов";36
"монитор 27 1920x1080";6
"монитор 27 дюймов";1620
"монитор 27 дюймов 1920х1080";150
"монитор 27 дюймов full";0
"монитор 27 дюймов купить";1871
"монитор 27 дюймов цена";92
"монитор ips 27";17
"мониторы 27 дюймов с ips";18
"мониторы 27 дюймов с ips матрицей";62
"монитор для компьютера 32 дюйма купить";43
"монитор 31 дюйм";44
"монитор 32 дюйма";727
"монитор 32 дюйма full hd";13
"монитор 32 дюйма купить";610
"монитор 32 дюйма цена";137
"монитор ips 32 дюйма";17
"игровые мониторы 2к";12
"монитор 27 дюймов 2к";58
"монитор 32 дюйма 2к";27
"купить монитор для компьютера 22 дюйма";14
"купить монитор 22 дюйма";57
"монитор 22 дюйма";390
"монитор 22 дюйма цена";117
"монитор диагональю 22 дюйма";1
"купить монитор 26 дюймов";11
"монитор 26 дюймов";81
"купить монитор 30 дюймов";15
"монитор 30 дюймов";170
"монитор для компьютера 24 дюйма";56
"монитор 24 дюйма";1148
"монитор 24 дюйма купить";1228
"монитор 24 дюйма цена";475
"монитор диагональ 24 дюйма";28
"монитор 21 дюйм";261
"монитор 21 дюйм купить";80
"монитор 21 дюйм цена";41
"монитор компьютера 21 дюйм";12
"монитор 23 5 дюймов";3
"монитор 23 8 дюйма";22
"монитор 23 дюйма";246
"монитор 23 дюйма купить";147
"монитор 23 дюйма цена";27
"монитор 25 дюймов";118
"монитор 25 дюймов купить";48
"монитор 28 дюймов";108
"монитор 28 дюймов купить";40
"монитор 29 дюймов";113
"монитор 29 дюймов купить";74
"активная акустическая система";415
"акустическая система";3071
"акустическая система для дома";460
"акустическая система 20";0
"акустическая система 21";0
"акустическая система 51";2
"акустическая система bluetooth";42
"акустическая система jbl";275
"акустическая система колонки";29
"акустическая система купить";416
"акустическая система цена";42
"беспроводная акустическая система";93
"домашняя акустическая система";127
"напольная акустическая система";219
"портативная акустическая система";441
"портативная акустическая система jbl";91
"акустическая система harman kardon";33
"harman kardon go";214
"акустическая система marshall";40
"акустическая система sony";112
"музыкальный центр sony";846
"умная колонка яндексстанция";0
"яндекс станция купить";11434
"купить умную колонку";486
"купить колонку с алисой";232
"jbl boombox 2";5610
"jbl flip 5";8118
"jbl go 3";3058
"jbl partybox 100";3335
"jbl partybox 1000";2564
"jbl partybox 310";4957
"jbl pulse 4";1776
"jbl xtreme 3";3177
"marshall acton";76
"marshall emberton";447
"marshall kilburn";271
"marshall stanmore";149
"marshall tufton";467
"sony gtk";41
"sony mhc";113
"sony shake";59
"sony srs";136
"купить петличный микрофон boya";6
"микрофон петличный беспроводной купить";36
"петличный микрофон";855
"петличный микрофон для камеры";15
"петличный микрофон boya";82
"петличный микрофон беспроводной";246
"петличный микрофон купить";461
"bluetooth гарнитура jbl";33
"bluetooth гарнитура jbl tune";5
"corsair гарнитура";12
"jbl гарнитура купить";2
"jbl проводная гарнитура";1
"logitech игровая гарнитура";13
"usb гарнитура logitech";20
"беспроводная bluetooth гарнитура";29
"беспроводная гарнитура";364
"беспроводная гарнитура для компьютера";354
"беспроводная гарнитура jbl";37
"беспроводная гарнитура tws";3
"беспроводная гарнитура купить";33
"беспроводная игровая гарнитура";58
"беспроводные наушники с гарнитурой";34
"блютуз гарнитура jbl";34
"гарнитура 1more";5
"гарнитура asus rog";8
"гарнитура hp";19
"гарнитура hyperx";69
"гарнитура hyperx cloud";28
"гарнитура hyperx cloud core";10
"гарнитура hyperx stinger";2
"гарнитура jbl";177
"гарнитура jbl 100";2
"гарнитура jbl tune";3
"гарнитура jbl tws";0
"гарнитура jbl отзывы";5
"гарнитура logitech";216
"гарнитура logitech pro x";3
"гарнитура logitech stereo";3
"гарнитура razer";54
"гарнитура razer kraken";10
"гарнитура razer kraken x";15
"гарнитура steelseries";18
"гарнитура steelseries arctis";3
"гарнитура компьютерная купить";12
"гарнитуры asus";11
"гарнитуры компьютерные razer";0
"игровая гарнитура";464
"игровая гарнитура hyperx";21
"игровая гарнитура hyperx cloud";14
"игровая гарнитура hyperx cloud stinger";17
"игровая гарнитура pro logitech";4
"игровая гарнитура razer";16
"игровая гарнитура купить";121
"игровые гарнитуры asus";5
"игровые гарнитуры jbl";2
"игровые гарнитуры jbl quantum";1
"игровые гарнитуры steelseries";7
"компьютерная гарнитура";168
"компьютерная гарнитура hyperx";15
"компьютерная гарнитура logitech";9
"лучшая беспроводная гарнитура";40
"наушники гарнитура jbl";13
"проводная гарнитура logitech";6
"проводная гарнитура razer kraken";3
"jbl bluetooth наушники";186
"jbl наушники беспроводные цена";318
"беспроводные игровые наушники";467
"беспроводные игровые наушники с микрофоном";235
"беспроводные наушники jbl";8368
"беспроводные наушники jbl tune";257
"беспроводные наушники marshall";263
"беспроводные наушники sony";1453
"беспроводные наушники tws jbl";16
"беспроводных наушников marshall";5
"блютуз наушники jbl";491
"блютуз наушников jbl";8
"игровые наушники";3890
"игровые наушники для пк";50
"игровые наушники с микрофоном";1768
"игровые наушники с микрофоном топ";57
"игровые наушники 71";0
"игровые проводные наушники";19
"купить беспроводные наушники";10050
"купить блютуз наушник";56
"купить блютуз наушники";548
"купить игровой наушник";8
"купить игровые наушники";766
"купить игровые наушники с микрофоном";166
"купить наушники";5534
"купить наушники для компьютера";331
"купить наушники airpods";259
"купить наушники apple";1720
"купить наушники jbl";937
"купить наушники jbl tune";12
"купить наушники jbl беспроводные";399
"купить наушники marshall";282
"купить наушники sony";271
"купить наушники самсунг";285
"купить проводные наушники";454
"наушник sony mdr";0
"наушник sony купить";0
"наушники с микрофоном для компьютера игровые";177
"наушники с микрофоном jbl";34
"наушники 1more";342
"наушники jbl";14777
"наушники jbl проводные";1110
"наушники jbl цена";228
"наушники marshall";2552
"наушники marshall bluetooth";53
"наушники marshall major";341
"наушники sony";2500
"наушники sony mdr";122
"наушники sony wi";10
"наушники блютуз 5";2
"цена наушников jbl";41
"черные игровые наушники";2
"виниловый проигрыватель";6704
"виниловый проигрыватель sony";161
"виниловый проигрыватель купить";2056
"виниловый проигрыватель купить в спб";211
"виниловый проигрыватель спб";18
"виниловый проигрыватель цена";157
"проигрыватель виниловых пластинок";5383
"проигрыватель виниловых пластинок sony";67
"проигрыватель виниловых пластинок sony купить";54
"проигрыватель виниловых пластинок купить";2936
"проигрыватель виниловых пластинок цена";86
"displayport кабель купить";93
"hdmi кабель";8596
"hdmi кабель для монитора";158
"hdmi кабель для телевизора";299
"hdmi кабель купить";1801
"hdmi кабель подключение";2
"samsung кабель usb c";8
"type c displayport кабель";30
"usb c hdmi кабель";45
"usb c кабель купить";33
"usb type c 1 кабель";0
"быстрый кабель usb type c";5
"кабель displayport";618
"кабель displayport 14";0
"кабель displayport 18";0
"кабель displayport dvi";38
"кабель displayport hdmi";258
"кабель displayport m m";5
"кабель displayport mini displayport";31
"кабель hd hdmi";3
"кабель hdmi 10 м";84
"кабель hdmi 3";6
"кабель hdmi 4k";37
"кабель hdmi 5 метров";112
"кабель hdmi c hdmi";7
"кабель hdmi hdmi v";4
"кабель hdmi m hdmi m";23
"кабель hdmi usb";125
"кабель micro usb type c";111
"кабель type c usb 3";11
"кабель usb c";222
"кабель usb c displayport";32
"кабель usb c lightning";497
"кабель usb c micro usb";32
"кабель usb micro usb";159
"кабель usb mini usb";179
"кабель usb type c";1071
"кабель usb черный";2
"кабель vga hdmi купить";153
"купить hdmi кабель 10";0
"купить hdmi кабель 10 метров";59
"купить usb кабель";99
"lenovo веб камера";3
"usb веб камера logitech";1
"беспроводная веб камера купить";24
"веб камера для ноутбука купить";37
"веб камера для стрима купить";61
"веб камера с микрофоном купить";43
"веб камера hd купить";8
"веб камера logitech";475
"веб камера logitech цена";7
"веб камера usb купить";1
"веб камера купить";2171
"веб камера купить для компьютера";389
"веб камера купить недорого";16
"веб камеры 1080p купить";0
"какую веб камеру купить для компьютера";5
"купить веб камеру logitech";28
"рюкзак hp omen";43
"рюкзак xd design hero regular";7
"сумка hama toronto";0
"сумка hp signature slim topload";5
"чехол dell premier";1
"женский рюкзак для ноутбука";89
"кейс для ноутбука";191
"купить рюкзак для ноутбука";215
"купить сумку для ноутбука";524
"купить чехол для ноутбука";137
"мужской рюкзак для ноутбука";24
"рюкзак для ноутбука";2130
"рюкзак для ноутбука 14";81
"рюкзак для ноутбука 15";10
"рюкзак для ноутбука 17";105
"рюкзак с отделением для ноутбука";101
"сумка для ноутбука";6607
"сумка для ноутбука 13";40
"сумка для ноутбука 14";294
"сумка для ноутбука 14 дюймов";329
"сумка для ноутбука 15 6";77
"сумка для ноутбука 17";240
"сумка для ноутбука 17 дюймов";391
"сумка для ноутбука женская";340
"сумка для ноутбука мужская";73
"сумка для ноутбука цена";103
"сумка под ноутбук";160
"чехол для ноутбука";1381
"чехол для ноутбука 13";43
"чехол для ноутбука 14";237
"чехол для ноутбука 14 дюймов";440
"чехол для ноутбука 15";24
"ssd внешний 500 гб";0
"ssd внешний жесткий";10
"ssd внешний купить";74
"usb накопитель";561
"usb флеш";58
"usb флеш накопитель";495
"usb флеш накопитель 64";0
"usb флеш накопитель 64 гб";6
"внешний ssd";913
"внешний ssd 1 тб";24
"внешний ssd 30";0
"внешний ssd 500";2
"внешний ssd 500gb";6
"внешний ssd usb";6
"внешний ssd usb 30";0
"внешний ssd usb купить";0
"внешний ssd диск";278
"внешний ssd диск usb";20
"внешний ssd диск купить";100
"внешний ssd накопитель";235
"внешний ssd накопитель купить";44
"внешний диск ssd 1 тб";13
"внешний жесткий диск ssd";353
"внешний жесткий диск ssd 1 тб";96
"внешний накопитель";680
"внешний накопитель на 1 терабайт цена";457
"внешний накопитель цена";20
"внешний твердотельный ssd";0
"купить внешний накопитель";63
"флеш накопитель";1291
"флеш накопитель 128 гб";13
"флеш накопитель 32 гб";22
"флеш накопитель 32gb";3
"флеш накопитель 64 гб";32
"флеш накопитель купить";106
"юсб накопитель";145
"купить клавиатуру apple";36
"купить клавиатуру asus";12
"купить клавиатуру dell";13
"купить клавиатуру hp";11
"купить клавиатуру hyperx";87
"купить клавиатуру logitech";105
"купить клавиатуру loupedeck";0
"купить клавиатуру microsoft";14
"купить клавиатуру razer";61
"купить клавиатуру sharkoon";0
"usb клавиатура и мышь";11
"беспроводная клавиатура и мышь";326
"беспроводная клавиатура и мышь купить";54
"беспроводная клавиатура купить";463
"игровая клавиатура и мышь";26
"клавиатура и мышь купить";59
"клавиатура с подсветкой купить";417
"клавиатура acer купить";8
"клавиатура купить спб";30
"комплект клавиатура и мышь";94
"купить игровую клавиатуру";541
"купить клавиатуру";3108
"купить клавиатуру для компьютера";742
"купить комплект клавиатура и мышь";8
"русская клавиатура купить";8
"купить мышь acer";0
"купить мышь apple";26
"купить мышь asus";4
"купить мышь dell";0
"купить мышь hp";16
"купить мышь hyperx";10
"купить мышь lenovo";1
"купить мышь logitech";109
"купить мышь microsoft";28
"купить мышь razer";39
"купить мышь satechi";0
"купить мышь steelseries";30
"logitech мышь беспроводная купить";28
"белые беспроводные мыши";5
"беспроводная игровая мышь";323
"беспроводная клавиатура и мышь комплект";268
"беспроводная мышь";2072
"беспроводная мышь для ноутбука";276
"беспроводная мышь с подсветкой";51
"беспроводная мышь a4tech";51
"беспроводная мышь asus";36
"беспроводная мышь hp";74
"беспроводная мышь logitech";399
"беспроводная мышь microsoft";68
"беспроводная мышь razer";43
"беспроводная мышь xiaomi";122
"беспроводная мышь купить";484
"беспроводная мышь купить в спб";89
"беспроводная мышь цена";130
"беспроводная оптическая мышь";27
"беспроводные мыши спб";0
"комплект беспроводной мыши";4
"купить беспроводную игровую мышь";42
"купить мышь беспроводную комплект";0
"мышь беспроводная черная";2
"мышь компьютерная беспроводная";314
"кресло игровое";2899
"кресло игровое aerocool";90
"кресло игровое aerocool ac120";5
"aerocool ac120";127
"aerocool ac220";133
"aerocool aero 2 alpha";121
"aerocool count";199
"aerocool earl";89
"aerocool p7-gc1";9
"msi mag ch120";111
"msi mag ch120x";31
"sharkoon elbrus 3";7
"sharkoon skiller sgs4";52
"aerocool ac120 air";170
"chairman game";271
"chairman game 12";37
"chairman game 15";540
"chairman game 16";123
"chairman game 17";219
"chairman game 18";65
"chairman game 19";106
"chairman game кресло";21
"chairman gaming 16";0
"msi mag ch120 x";47
"геймерское кресло chairman game";8
"игровое компьютерное кресло chairman";0
"игровое кресло для компьютера";317
"игровое кресло chairman";35
"игровое кресло chairman 15";4
"игровое кресло msi";53
"игровое кресло msi mag ch120";6
"игровое кресло sharkoon";7
"игровое кресло черное";23
"игровые кресла для геймеров";108
"игровые кресла aerocool";141
"игровые кресла aerocool ac120";9
"игровые кресла aerocool ac220";29
"игровые кресла chairman купить";2
"игровые кресла спб";101
"кресло aerocool ac120";69
"кресло aerocool ac120 air";10
"кресло chairman game 15";34
"кресло chairman game 16";26
"кресло chairman game 17";19
"кресло msi mag ch120";21
"кресло игровое aerocool aero";0
"кресло игровое aerocool count";11
"кресло игровое aerocool earl";2
"кресло игровое chairman game";17
"кресло игровое chairman game 15";22
"кресло игровое chairman game 17 купить";0
"кресло игровое msi mag";0
"кресло игровое msi mag ch120 x";12
"кресло компьютерное игровое";631
"кресло компьютерное игровое chairman game";3
"купить игровое компьютерное кресло";122
"купить игровое кресло";1876
"купить игровое кресло в спб";107
"купить игровое кресло для компьютера";121
"купить игровое кресло aerocool";37
"купить игровое кресло chairman game 15";1
"onkron кронштейн для монитора";13
"выдвижные кронштейны для монитора";1
"кронштейн для 2 мониторов";150
"кронштейн для 3 мониторов";45
"кронштейн для 4 мониторов";45
"кронштейн для lcd монитора";1
"кронштейн для двух мониторов";298
"кронштейн для двух мониторов настольный";106
"кронштейн для крепления монитора";12
"кронштейн для монитора";4064
"кронштейн для монитора на стену";520
"кронштейн для монитора на стол";890
"кронштейн для монитора на стол купить";38
"кронштейн для монитора kromax";16
"кронштейн для монитора настольный";418
"кронштейн для мониторов arm media";7
"кронштейн vesa для монитора";7
"кронштейн монитор 27";0
"кронштейн под монитор";49
"кронштейны жк мониторов";0
"купить кронштейн для монитора";153
"настенный кронштейн для монитора";99
"поворотный кронштейн для монитора";15
"подставка под монитор";1140
"подставка под монитор на стол";361
"подставка под монитор компьютера";20
"подставка под монитор купить";75
"подставка под монитор настольная";428
"подставка под монитор настольная купить";197
"sdxc карта памяти купить";73
"transcend карты памяти 64 гб";0
"карта памяти";4172
"карта памяти 128 гб";543
"карта памяти 32 гб";428
"карта памяти 64 гб";482
"карта памяти 64 гб sony";5
"карта памяти micro sdxc";10
"карта памяти microsd sandisk";15
"карта памяти microsdxc";41
"карта памяти microsdxc 128 гб";20
"карта памяти microsdxc 64 гб";22
"карта памяти microsdxc 64gb";19
"карта памяти microsdxc sandisk";7
"карта памяти sandisk";90
"карта памяти sandisk 128gb";25
"карта памяти sandisk 32gb";20
"карта памяти sandisk 64gb";13
"карта памяти sandisk extreme 128 гб";5
"карта памяти sandisk extreme 128gb";3
"карта памяти sandisk extreme 64gb";11
"карта памяти sandisk extreme pro";26
"карта памяти sandisk microsdxc 128 гб";6
"карта памяти sandisk sdxc 128gb";1
"карта памяти sandisk sdxc 64gb";0
"карта памяти sandisk ultra";15
"карта памяти sdxc 128 гб";5
"карта памяти sdxc 128gb";30
"карта памяти sdxc 64gb";9
"карта памяти sdxc sandisk";3
"карта памяти sony";39
"карта памяти sony 128gb";0
"карта памяти sony 64gb";0
"карта памяти sony memory stick";14
"карта памяти transcend 128 гб";0
"карта памяти transcend 128gb";18
"карта памяти transcend 16gb";16
"карта памяти transcend 32 gb";16
"карта памяти transcend 64gb";32
"карта памяти микро";57
"карты памяти sdhc sdxc";1
"карты памяти sdxc 64 гб";2
"карты памяти sdxc sony";1
"карты памяти sony sdhc";3
"карты памяти sony купить";11
"карты памяти transcend 32 гб";9
"купить карту памяти";616
"купить карту памяти sandisk";24
"usb dvd привод";42
"внешние dvd приводы asus";0
"внешние оптические dvd приводы";7
"внешние оптические приводы asus";5
"внешний dvd привод";226
"внешний dvd привод для ноутбука";38
"внешний dvd привод usb";49
"внешний dvd привод купить";33
"внешний двд привод";59
"внешний дисковод";598
"внешний оптический dvd привод usb";0
"внешний оптический привод";160
"внешний оптический привод для ноутбука";77
"внешний оптический привод dvd rw";13
"внешний оптический привод usb";4
"внешний оптический привод купить";32
"внешний привод cd dvd";2
"внешний привод dvd rw";40
"купить внешний привод";13
"ноутбук внешний привод";0
"оптический привод dvd rw внешний usb";2
"оптический привод ноутбук";0
"привод dvd rw внешний usb";1
"ssd жесткие купить";0
"ssd накопитель";1574
"ssd накопитель купить";312
"жесткий диск 1 тб";2520
"жесткий диск 1 тб цена";605
"жесткий диск 1 цена";0
"жесткий диск 1tb";83
"жесткий диск 2 тб";824
"жесткий диск ssd купить";175
"жесткий диск купить 1 тб";620
"жесткий диск купить 2 тб";73
"жесткий диск купить спб";136
"жесткий диск ссд";282
"жесткий диск тб";22
"жесткий диск тб цена";2
"жесткий диск цена";776
"купить жесткий диск";5623
"купить жесткий диск для компьютера";423
"купить жесткий диск цена";20
"карта памяти 8 гб купить";36
"купить модуль памяти 8 гб";1
"купить оперативная память 8 ddr4";2
"купить оперативную память 16 гб";552
"купить память 8 гб";4
"купить плашку памяти 8 гб";1
"модуль памяти";362
"модуль памяти ddr4";55
"модуль памяти ddr4 купить";2
"оперативная память 16 гб";925
"оперативная память 16 гб ddr4";271
"оперативная память 8 гб";2032
"оперативная память 8 гб 3200";4
"оперативная память 8 гб купить";512
"оперативная память 8 гб цена";1334
"оперативная память 8 гигов";15
"оперативная память ddr4 8 gb";43
"оперативная память купить 8 гб цена";22
